﻿<?xml version="1.0" encoding="utf-8"?>
<LEConfig>
  <Profiles>
    <Profile Name="Run in Japanese" Guid="7ba99ef6-2384-434c-aaff-722e3c88c5af" MainMenu="false">
      <Parameter></Parameter>
      <Location>ja-JP</Location>
      <Timezone>Tokyo Standard Time</Timezone>
      <RunAsAdmin>true</RunAsAdmin>
      <RedirectRegistry>true</RedirectRegistry>
      <RunWithSuspend>false</RunWithSuspend>
    </Profile>
    <Profile Name="Run in Japanese (Admin)" Guid="872d285f-a803-4066-93e8-16963b054e12" MainMenu="false">
      <Parameter></Parameter>
      <Location>ja-JP</Location>
      <Timezone>Tokyo Standard Time</Timezone>
      <RunAsAdmin>true</RunAsAdmin>
      <RedirectRegistry>true</RedirectRegistry>
      <RunWithSuspend>false</RunWithSuspend>
    </Profile>
  </Profiles>
</LEConfig>